{"cameraMode":{"drawMode":0,"name":"Shaded","section":"Shading Mode"},"sceneLighting":true,"audioPlay":false,"sceneViewState":{"m_AlwaysRefresh":false,"showFog":true,"showSkybox":true,"showFlares":true,"showImageEffects":true,"showParticleSystems":true,"showVisualEffectGraphs":true,"m_FxEnabled":true},"in2DMode":false,"pivot":{"x":3.943042039871216,"y":0.7531149387359619,"z":2.040651798248291},"rotation":{"x":0.21060577034950257,"y":0.04250892996788025,"z":-0.009167185053229332,"w":0.9766041040420532},"size":3.350355863571167,"orthographic":false}