{"cameraMode":{"drawMode":0,"name":"Shaded","section":"Shading Mode"},"sceneLighting":true,"audioPlay":false,"sceneViewState":{"m_AlwaysRefresh":false,"showFog":true,"showSkybox":true,"showFlares":true,"showImageEffects":true,"showParticleSystems":true,"showVisualEffectGraphs":true,"m_FxEnabled":true},"in2DMode":false,"pivot":{"x":3.943042039871216,"y":0.7531149387359619,"z":2.040651798248291},"rotation":{"x":0.4718066155910492,"y":0.01322444062680006,"z":-0.007077652029693127,"w":0.8815754652023315},"size":4.850356578826904,"orthographic":false}