{"cameraMode":{"drawMode":0,"name":"Shaded","section":"Shading Mode"},"sceneLighting":true,"audioPlay":false,"sceneViewState":{"m_AlwaysRefresh":false,"showFog":true,"showSkybox":true,"showFlares":true,"showImageEffects":true,"showParticleSystems":true,"showVisualEffectGraphs":true,"m_FxEnabled":true},"in2DMode":false,"pivot":{"x":3.9893269538879396,"y":-7.123117446899414,"z":7.374007225036621},"rotation":{"x":0.46786436438560488,"y":0.009280500002205372,"z":-0.004910288844257593,"w":0.8837481141090393},"size":7.754103660583496,"orthographic":false}