{"cameraMode":{"drawMode":0,"name":"Shaded","section":"Shading Mode"},"sceneLighting":true,"audioPlay":false,"sceneViewState":{"m_AlwaysRefresh":false,"showFog":true,"showSkybox":true,"showFlares":true,"showImageEffects":true,"showParticleSystems":true,"showVisualEffectGraphs":true,"m_FxEnabled":true},"in2DMode":false,"pivot":{"x":3.88004732131958,"y":-6.464746475219727,"z":6.5316314697265629},"rotation":{"x":0.39877867698669436,"y":-0.028879132121801378,"z":0.012568186968564988,"w":0.9165142774581909},"size":5.689239978790283,"orthographic":false}