{"cameraMode":{"drawMode":0,"name":"Shaded","section":"Shading Mode"},"sceneLighting":false,"audioPlay":false,"sceneViewState":{"m_AlwaysRefresh":false,"showFog":true,"showSkybox":false,"showFlares":true,"showImageEffects":true,"showParticleSystems":true,"showVisualEffectGraphs":true,"m_FxEnabled":true},"in2DMode":false,"pivot":{"x":9.017492294311524,"y":-0.002585500478744507,"z":4.997414588928223},"rotation":{"x":-0.47817111015319826,"y":-0.020378144457936288,"z":0.011107402853667736,"w":-0.877970814704895},"size":0.9626485109329224,"orthographic":false}