{"cameraMode":{"drawMode":0,"name":"Shaded","section":"Shading Mode"},"sceneLighting":true,"audioPlay":false,"sceneViewState":{"m_AlwaysRefresh":false,"showFog":true,"showSkybox":true,"showFlares":true,"showImageEffects":true,"showParticleSystems":true,"showVisualEffectGraphs":true,"m_FxEnabled":true},"in2DMode":false,"pivot":{"x":3.6000001430511476,"y":6.399999618530273,"z":-2.3500001430511476},"rotation":{"x":0.09723559767007828,"y":-0.21345718204975129,"z":0.021336572244763376,"w":0.9718844890594482},"size":12.12435531616211,"orthographic":false}